{
  "SHA": [
    1.0,
    59.03302241836577,
    100.0,
    250.0,
    0.7314416636397401,
    0.11866225750667635,
    0.12988578937080705,
    2.967391327486195,
    0.03509447385641717,
    1.7646260776076848
  ],
  "ORO": [
    1.0129565692091735,
    6.747295176783332,
    139.626860278118,
    339.6032087085315,
    0.7972281154281474,
    0.18025645980141108,
    0.05021340637680784,
    5.96679965473662,
    0.06608593257495499,
    1.9880357708836809
  ],
  "BUL": [
    1.0,
    29.472159464396775,
    148.13806468536364,
    263.01067152873406,
    0.9065717948931759,
    0.4985377744616221,
    0.08469051016795087,
    4.9826832148041795,
    0.07098137529728567,
    1.0878627662785887
  ],
  "FOL": [
    1.2229177827400315,
    99.00000001839847,
    101.85767568200025,
    282.2444135437506,
    0.49836520699010306,
    0.2519307945366437,
    0.1663125711542932,
    2.5328799639322055,
    0.06604949020265494,
    1.6270968221649027
  ],
  "PAR": [
    1.0,
    7.346115650182754,
    200.00566370432892,
    362.73247236605266,
    0.5838622909683208,
    0.051926780786918966,
    0.06413090978209471,
    4.398529265422402,
    0.013600534682858725,
    1.3739478746501217
  ],
  "NHG": [
    2.2366800651834775,
    57.000001208042285,
    102.30292893518764,
    251.94523058475016,
    0.7614448014073534,
    0.15864350905197594,
    0.16869625348845843,
    0.23239294456103288,
    0.06202599118932688,
    1.6272697788684447
  ],
  "NML": [
    1.0,
    4.345688595907536,
    247.08631551257173,
    361.0310999031872,
    0.8921401014827091,
    0.029292667572384915,
    0.04278649472651537,
    7.090099254518001,
    0.002685257974690533,
    1.2953625139352976
  ],
  "DNP": [
    1.0,
    11.79585912365443,
    222.66066921920677,
    366.0,
    0.7138030861025351,
    0.04196214909492251,
    0.025160236494338253,
    8.42729837685576,
    0.0796172087467931,
    1.9780996238988555
  ],
  "EXC": [
    1.0120972884535295,
    14.447530452319063,
    204.5256573156392,
    319.81156008181335,
    0.6460563000300191,
    0.042841901497121956,
    0.07044890502798395,
    5.611174470351827,
    0.04117608191783643,
    1.8390520111568265
  ],
  "MIL": [
    1.9833308905398808,
    24.49147344645994,
    247.79868709236786,
    291.84269916559737,
    0.6176396788018178,
    0.09026882613378208,
    0.02812077376962195,
    6.538588807146686,
    0.019645320497586223,
    1.772883308038852
  ],
  "PNF": [
    1.0,
    0.9557708730487775,
    206.54207422772132,
    352.55059652287457,
    0.44874603167548566,
    0.044730178855111914,
    0.0,
    4.320953083133549,
    0.009068353549162501,
    1.704567740289551
  ],
  "TRM": [
    1.2930633167045091,
    90.5789662582812,
    182.29551061597016,
    305.7955265027555,
    0.20408691313001118,
    0.0594590597263527,
    0.1250367871719139,
    0.6413915575832974,
    0.08618873428546665,
    1.7962706606263286
  ],
  "SCC": [
    3.0,
    15.46916822754576,
    170.44868028843732,
    366.0,
    0.15826622532773943,
    0.128669014154001,
    0.06975468919008906,
    4.193859598018596,
    0.08589030178567322,
    1.9298757328315832
  ],
  "ISB": [
    1.7136837881016211,
    2.2193708325820234,
    250.0,
    366.0,
    0.4680089616879351,
    0.038795559317836494,
    0.04567588017381741,
    3.8120469278061875,
    0.09073203469201645,
    1.99999999
  ],
  "Gains": [
    0.8502242902552037,
    0.8616619863345366,
    0.10409093057945798
  ],
  "HRO": [
    0.9513493919039764,
    9372.759728258741,
    5.0,
    7440.541696165398,
    1588.8281121899154,
    0.3450214817642264,
    0.3763783744562839
  ],
  "TRP": [
    1.1426663598459852,
    7869.836149204799,
    0.8506028151909767,
    5788.386758358901,
    5424.677610903347,
    0.249573909361092,
    0.4988735305440121
  ]
}