{
  "SHA": [
    1.0,
    59.03302241836577,
    100.0,
    250.0,
    0.7314416636397401,
    0.11866225750667635,
    0.12988578937080705,
    8.779386626112034,
    0.005176543542458237,
    1.6772866633724515
  ],
  "ORO": [
    1.0129565692091735,
    6.747295176783332,
    139.626860278118,
    339.6032087085315,
    0.7972281154281474,
    0.18025645980141108,
    0.05021340637680784,
    3.12941618321351,
    0.04440902603269695,
    1.7772794507709644
  ],
  "BUL": [
    1.0,
    29.472159464396775,
    148.13806468536364,
    263.01067152873406,
    0.9065717948931759,
    0.4985377744616221,
    0.08469051016795087,
    4.914707094439683,
    0.029951813484887835,
    1.9558895301860773
  ],
  "FOL": [
    1.2229177827400315,
    99.00000001839847,
    101.85767568200025,
    282.2444135437506,
    0.49836520699010306,
    0.2519307945366437,
    0.1663125711542932,
    3.39263818189558,
    0.060818198455773034,
    1.9634999773387314
  ],
  "PAR": [
    1.0,
    7.346115650182754,
    200.00566370432892,
    362.73247236605266,
    0.5838622909683208,
    0.051926780786918966,
    0.06413090978209471,
    8.222838341264929,
    0.09154640627941935,
    1.4044884751040856
  ],
  "NHG": [
    2.2366800651834775,
    57.000001208042285,
    102.30292893518764,
    251.94523058475016,
    0.7614448014073534,
    0.15864350905197594,
    0.16869625348845843,
    0.05216265597381753,
    0.08530738043912078,
    1.933029963860521
  ],
  "NML": [
    1.0,
    4.345688595907536,
    247.08631551257173,
    361.0310999031872,
    0.8921401014827091,
    0.029292667572384915,
    0.04278649472651537,
    1.921507179279463,
    0.021958011654045952,
    1.6521501920973003
  ],
  "DNP": [
    1.0,
    11.79585912365443,
    222.66066921920677,
    366.0,
    0.7138030861025351,
    0.04196214909492251,
    0.025160236494338253,
    6.749345569678064,
    0.021142585467402653,
    1.4794641766951935
  ],
  "EXC": [
    1.0120972884535295,
    14.447530452319063,
    204.5256573156392,
    319.81156008181335,
    0.6460563000300191,
    0.042841901497121956,
    0.07044890502798395,
    7.565603004043695,
    0.033273487343091684,
    1.6969419194516677
  ],
  "MIL": [
    1.9833308905398808,
    24.49147344645994,
    247.79868709236786,
    291.84269916559737,
    0.6176396788018178,
    0.09026882613378208,
    0.02812077376962195,
    7.424978541384013,
    0.02825139922411872,
    1.8657510194813578
  ],
  "PNF": [
    1.0,
    0.9557708730487775,
    206.54207422772132,
    352.55059652287457,
    0.44874603167548566,
    0.044730178855111914,
    0.0,
    3.2909798926385534,
    0.0044236720353525855,
    1.931426230411775
  ],
  "TRM": [
    1.2930633167045091,
    90.5789662582812,
    182.29551061597016,
    305.7955265027555,
    0.20408691313001118,
    0.0594590597263527,
    0.1250367871719139,
    0.016352300033743994,
    0.07807139120772433,
    1.821444876653046
  ],
  "SCC": [
    3.0,
    15.46916822754576,
    170.44868028843732,
    366.0,
    0.15826622532773943,
    0.128669014154001,
    0.06975468919008906,
    2.251976189397442,
    0.04892425354435809,
    1.9324225530085266
  ],
  "ISB": [
    1.7136837881016211,
    2.2193708325820234,
    250.0,
    366.0,
    0.4680089616879351,
    0.038795559317836494,
    0.04567588017381741,
    6.652449709312894,
    0.043281323471980486,
    1.9276086214488548
  ],
  "Gains": [
    0.8502242902552037,
    0.8616619863345366,
    0.10409093057945798
  ],
  "HRO": [
    0.9513493919039764,
    9372.759728258741,
    5.0,
    7440.541696165398,
    1588.8281121899154,
    0.3450214817642264,
    0.3763783744562839
  ],
  "TRP": [
    1.1426663598459852,
    7869.836149204799,
    0.8506028151909767,
    5788.386758358901,
    5424.677610903347,
    0.249573909361092,
    0.4988735305440121
  ]
}