{
  "SHA": [
    1.0,
    59.03302241836577,
    100.0,
    250.0,
    0.7314416636397401,
    0.11866225750667635,
    0.12988578937080705,
    3.403135749538066,
    0.050638654293148504,
    1.4238511666870395
  ],
  "ORO": [
    1.0129565692091735,
    6.747295176783332,
    139.626860278118,
    339.6032087085315,
    0.7972281154281474,
    0.18025645980141108,
    0.05021340637680784,
    7.392293716465002,
    0.008325394475997033,
    1.9203246896855428
  ],
  "BUL": [
    1.0,
    29.472159464396775,
    148.13806468536364,
    263.01067152873406,
    0.9065717948931759,
    0.4985377744616221,
    0.08469051016795087,
    1.6514702810915578,
    0.0748641091668213,
    1.4911674051494916
  ],
  "FOL": [
    1.2229177827400315,
    99.00000001839847,
    101.85767568200025,
    282.2444135437506,
    0.49836520699010306,
    0.2519307945366437,
    0.1663125711542932,
    1.1599920002273558,
    0.03901386426295097,
    1.9684346852076247
  ],
  "PAR": [
    1.0,
    7.346115650182754,
    200.00566370432892,
    362.73247236605266,
    0.5838622909683208,
    0.051926780786918966,
    0.06413090978209471,
    9.291000521146897,
    0.07380712886037971,
    1.5851709283096662
  ],
  "NHG": [
    2.2366800651834775,
    57.000001208042285,
    102.30292893518764,
    251.94523058475016,
    0.7614448014073534,
    0.15864350905197594,
    0.16869625348845843,
    0.5508635164984312,
    0.07886687997424169,
    1.521831353889607
  ],
  "NML": [
    1.0,
    4.345688595907536,
    247.08631551257173,
    361.0310999031872,
    0.8921401014827091,
    0.029292667572384915,
    0.04278649472651537,
    0.3300030668800522,
    0.05515860938386799,
    1.1335782916990953
  ],
  "DNP": [
    1.0,
    11.79585912365443,
    222.66066921920677,
    366.0,
    0.7138030861025351,
    0.04196214909492251,
    0.025160236494338253,
    7.7660477664102725,
    0.04296538657150484,
    1.9318342346262733
  ],
  "EXC": [
    1.0120972884535295,
    14.447530452319063,
    204.5256573156392,
    319.81156008181335,
    0.6460563000300191,
    0.042841901497121956,
    0.07044890502798395,
    8.291291209415988,
    0.03892985469014468,
    1.7608204459245396
  ],
  "MIL": [
    1.9833308905398808,
    24.49147344645994,
    247.79868709236786,
    291.84269916559737,
    0.6176396788018178,
    0.09026882613378208,
    0.02812077376962195,
    5.967639274946047,
    0.029937663890762613,
    1.685226083837349
  ],
  "PNF": [
    1.0,
    0.9557708730487775,
    206.54207422772132,
    352.55059652287457,
    0.44874603167548566,
    0.044730178855111914,
    0.0,
    2.6414390592317263,
    0.06508858800426305,
    1.9018581983301168
  ],
  "TRM": [
    1.2930633167045091,
    90.5789662582812,
    182.29551061597016,
    305.7955265027555,
    0.20408691313001118,
    0.0594590597263527,
    0.1250367871719139,
    4.917953834898841,
    0.09294511359508364,
    1.9985196122089033
  ],
  "SCC": [
    3.0,
    15.46916822754576,
    170.44868028843732,
    366.0,
    0.15826622532773943,
    0.128669014154001,
    0.06975468919008906,
    5.640125509873718,
    0.03879916419945831,
    1.9704552066745917
  ],
  "ISB": [
    1.7136837881016211,
    2.2193708325820234,
    250.0,
    366.0,
    0.4680089616879351,
    0.038795559317836494,
    0.04567588017381741,
    1.5852896754142751,
    0.03615440784975115,
    1.99999999
  ],
  "Gains": [
    0.8502242902552037,
    0.8616619863345366,
    0.10409093057945798
  ],
  "HRO": [
    0.9513493919039764,
    9372.759728258741,
    5.0,
    7440.541696165398,
    1588.8281121899154,
    0.3450214817642264,
    0.3763783744562839
  ],
  "TRP": [
    1.1426663598459852,
    7869.836149204799,
    0.8506028151909767,
    5788.386758358901,
    5424.677610903347,
    0.249573909361092,
    0.4988735305440121
  ]
}